_id;sponsor;sponsoring;followed;following
6446e26816f4d384473b21c8;spacejam;queer;;
6446e26816f4d384473b21ca;Kanin;queer;;
6446e26816f4d384473b21c9;FiniteReality;queer;;
6446e27b16f4d384473b21cb;M0nica;keithk;;
6446e27b16f4d384473b21cd;ueberdosis;keithk;;
6446e27b16f4d384473b21cc;MehediH;keithk;;
6446e27b16f4d384473b21ce;elk-zone;keithk;;
6446e28016f4d384473b21cf;hardillb;FireBall1725;;
6446e29667d28d252eb62000;Kanin;queer;;
6446e29667d28d252eb61ffe;spacejam;queer;;
6446e29667d28d252eb61fff;FiniteReality;queer;;
6446e2cef41c9d0ce2141c95;spacejam;queer;;
6446e2cef41c9d0ce2141c96;FiniteReality;queer;;
6446e2cef41c9d0ce2141c97;Kanin;queer;;
6446e2e1f41c9d0ce2141c99;MehediH;keithk;;
6446e2e1f41c9d0ce2141c9a;ueberdosis;keithk;;
6446e2e1f41c9d0ce2141c98;M0nica;keithk;;
6446e2e1f41c9d0ce2141c9b;elk-zone;keithk;;
6446e2e6f41c9d0ce2141c9c;hardillb;FireBall1725;;
6446e361692183a76e80c669;;;nyancrimew;medecau
6446e361692183a76e80c66b;;;nyancrimew;benaryorg
6446e361692183a76e80c66a;;;nyancrimew;cosmicexplorer
6446e361692183a76e80c66c;;;nyancrimew;GreenTeaVie
6446e362692183a76e80c66d;;;expede;majjoha
6446e43f692183a76e80c66e;;;ItsJamie9494;Exalm
6446e478692183a76e80c66f;;;cuducos;ricardocabral
6446e478692183a76e80c671;;;cuducos;tonnydourado
6446e478692183a76e80c672;;;cuducos;zehfernandes
6446e478692183a76e80c673;;;cuducos;brunojabs
6446e478692183a76e80c670;;;cuducos;cabral
6446e478692183a76e80c674;;;cuducos;vidalvasconcelos
6446e478692183a76e80c675;;;cuducos;rafael-romao
6446e4c3692183a76e80c678;;;LunaTheFoxgirl;KodeIn
6446e4c3692183a76e80c679;;;LunaTheFoxgirl;zeromind
6446e4c3692183a76e80c67e;;;LunaTheFoxgirl;refi64
6446e4c3692183a76e80c67f;;;LunaTheFoxgirl;marysaka
6446e4c3692183a76e80c681;;;LunaTheFoxgirl;AlphaCluster
6446e4c3692183a76e80c682;;;LunaTheFoxgirl;GreenTeaVie
6446e4c3692183a76e80c684;;;LunaTheFoxgirl;tgpholly
6446e4c3692183a76e80c685;;;LunaTheFoxgirl;naskya
6446e4c3692183a76e80c67b;;;LunaTheFoxgirl;Xe
6446e4c3692183a76e80c687;;;LunaTheFoxgirl;wongchongkai
6446e4c3692183a76e80c688;;;LunaTheFoxgirl;asahilina
6446e4c3692183a76e80c677;;;LunaTheFoxgirl;omasanori
6446e4c3692183a76e80c67a;;;LunaTheFoxgirl;vcsjones
6446e4c3692183a76e80c67d;;;LunaTheFoxgirl;ExpiredPopsicle
6446e4c3692183a76e80c680;;;LunaTheFoxgirl;WebFreak001
6446e4c3692183a76e80c686;;;LunaTheFoxgirl;ItsRogueRen
6446e4c3692183a76e80c68a;;;LunaTheFoxgirl;flakywanderer
6446e4c3692183a76e80c676;;;LunaTheFoxgirl;marcan
6446e4c3692183a76e80c67c;;;LunaTheFoxgirl;thevar1able
6446e4c3692183a76e80c683;;;LunaTheFoxgirl;ArgoCrew
6446e4c3692183a76e80c689;;;LunaTheFoxgirl;zyebytevt
6446e4c4692183a76e80c68b;;;modwizcode;evaporei
6446e5b6692183a76e80c68c;;;ItsJamie9494;Exalm
6446e5f7692183a76e80c68d;;;leahneukirchen;hakusaro
6446e5f7692183a76e80c68e;;;leahneukirchen;kaythomas0
6446e5f8692183a76e80c68f;;;Helloyunho;hyp3rflow
